{"lr_layer4": 0.00020642423377181224, "lr_fc": 0.056981744121677134, "wd_layer4":  5.0159282615963616e-05, "wd_fc": 0.00014305042681366143}